"Customer ID","Purchase Date","Product Category","Product Price","Quantity","Total Purchase Amount","Payment Method","Customer Age","Returns","Customer Name","Age","Gender"
"46251","2020-09-08 09:38:32","Electronics","12","3","36","Credit Card","37","0","Christine Hernandez","37","Female"
"46251","2022-03-05 12:56:35","Home","468","4","1872","PayPal","37","0","Christine Hernandez","37","Female"
"46251","2022-05-23 18:18:01","Home","288","2","576","PayPal","37","0","Christine Hernandez","37","Female"
"46251","2020-11-12 13:13:29","Clothing","196","1","196","PayPal","37","0","Christine Hernandez","37","Female"
"13593","2020-11-27 17:55:11","Home","449","1","449","Credit Card","49","0","James Grant","49","Male"
"13593","2023-03-07 14:17:42","Home","250","4","1000","PayPal","49","1","James Grant","49","Male"
"13593","2023-04-15 03:02:33","Electronics","73","1","73","Credit Card","49","0","James Grant","49","Male"
"13593","2021-03-27 21:23:28","Books","337","2","674","Cash","49","0","James Grant","49","Male"
"13593","2020-05-05 20:14:00","Clothing","182","2","364","PayPal","49","1","James Grant","49","Male"
"28805","2023-09-13 04:24:00","Electronics","394","2","788","Credit Card","19","0","Jose Collier","19","Male"
"28805","2021-03-31 09:50:57","Clothing","366","1","366","PayPal","19","0","Jose Collier","19","Male"
"28805","2021-01-18 22:42:24","Books","348","1","348","Credit Card","19","1","Jose Collier","19","Male"
"28805","2020-01-07 12:57:35","Books","103","4","412","Cash","19","0","Jose Collier","19","Male"
"28805","2021-02-12 20:33:20","Books","240","1","240","PayPal","19","0","Jose Collier","19","Male"
"28805","2020-07-02 02:54:37","Clothing","368","1","368","Credit Card","19","0","Jose Collier","19","Male"
"28961","2021-04-25 23:55:21","Books","30","1","30","PayPal","55","0","James Stein","55","Male"
"28961","2020-01-13 09:57:17","Books","153","5","765","Credit Card","55","0","James Stein","55","Male"
"28961","2023-06-18 21:34:27","Clothing","259","1","259","Credit Card","55","0","James Stein","55","Male"
"28961","2021-09-10 00:39:41","Books","489","3","1467","Credit Card","55","1","James Stein","55","Male"
"28961","2023-06-01 19:07:10","Books","232","3","696","PayPal","55","1","James Stein","55","Male"
"12163","2021-12-18 17:49:18","Clothing","255","2","510","Credit Card","67","0","Sonia Moreno","67","Female"
"12163","2020-06-20 05:56:17","Books","227","3","681","PayPal","67","0","Sonia Moreno","67","Female"
"12163","2023-07-08 13:36:47","Clothing","288","2","576","PayPal","67","0","Sonia Moreno","67","Female"
"12163","2023-07-01 12:36:00","Books","60","3","180","Cash","67","0","Sonia Moreno","67","Female"
"12163","2022-11-16 08:56:03","Home","285","4","1140","Crypto","67","0","Sonia Moreno","67","Female"
"12163","2020-04-07 04:24:44","Books","100","5","500","Cash","67","0","Sonia Moreno","67","Female"
"12163","2020-11-28 16:48:01","Electronics","28","4","112","Credit Card","67","0","Sonia Moreno","67","Female"
"12163","2020-08-21 09:23:52","Electronics","382","2","764","PayPal","67","1","Sonia Moreno","67","Female"
"12163","2023-04-24 23:55:44","Home","400","5","2000","Credit Card","67","1","Sonia Moreno","67","Female"
"28248","2023-04-09 01:33:30","Clothing","410","1","410","Cash","48","0","Kelly Ramirez","48","Female"
"28248","2020-04-26 21:19:56","Books","70","5","350","PayPal","48","0","Kelly Ramirez","48","Female"
"28248","2023-09-12 20:36:28","Home","243","3","729","PayPal","48","0","Kelly Ramirez","48","Female"
"28248","2021-06-25 14:52:44","Home","131","4","524","PayPal","48","0","Kelly Ramirez","48","Female"
"28248","2021-11-24 07:13:08","Home","327","1","327","Cash","48","0","Kelly Ramirez","48","Female"
"28248","2022-09-22 17:12:16","Books","405","3","1215","PayPal","48","1","Kelly Ramirez","48","Female"
"28248","2021-08-03 09:41:40","Electronics","219","2","438","PayPal","48","0","Kelly Ramirez","48","Female"
"6761","2021-11-29 12:56:23","Books","218","5","1090","Credit Card","46","0","Johnny Peterson","46","Male"
"6761","2020-11-23 05:27:32","Clothing","304","4","1216","Cash","46","0","Johnny Peterson","46","Male"
"6761","2020-01-08 05:34:28","Clothing","20","4","80","PayPal","46","0","Johnny Peterson","46","Male"
"6761","2021-05-10 17:46:35","Home","400","2","800","Cash","46","0","Johnny Peterson","46","Male"
"17018","2023-06-27 03:47:09","Home","227","2","454","Cash","21","1","Jerry Mendoza","21","Male"
"17018","2022-01-17 11:15:32","Clothing","285","3","855","Credit Card","21","1","Jerry Mendoza","21","Male"
"17018","2022-03-03 04:41:32","Books","31","1","31","Credit Card","21","0","Jerry Mendoza","21","Male"
"17018","2020-05-10 00:33:28","Books","434","4","1736","PayPal","21","0","Jerry Mendoza","21","Male"
"17018","2022-12-09 08:32:41","Home","156","3","468","Credit Card","21","0","Jerry Mendoza","21","Male"
"17018","2021-04-30 13:16:25","Clothing","119","3","357","PayPal","21","0","Jerry Mendoza","21","Male"
"17018","2020-06-25 00:15:16","Electronics","53","4","212","PayPal","21","1","Jerry Mendoza","21","Male"
"11462","2020-01-12 09:59:22","Clothing","485","3","1455","PayPal","32","1","Cory Wagner","32","Female"
"11462","2023-01-12 07:48:01","Home","191","4","764","PayPal","32","0","Cory Wagner","32","Female"
"11462","2022-01-04 00:05:56","Books","31","5","155","Cash","32","0","Cory Wagner","32","Female"
"11462","2020-08-27 13:27:00","Home","355","5","1775","Credit Card","32","1","Cory Wagner","32","Female"
"11462","2023-02-27 13:50:56","Books","284","3","852","Crypto","32","0","Cory Wagner","32","Female"
"11462","2020-04-20 14:48:00","Clothing","82","5","410","Cash","32","0","Cory Wagner","32","Female"
"43388","2020-05-14 22:22:00","Home","370","5","1850","Cash","32","1","Cory Zuniga","32","Female"
"43388","2020-12-02 18:32:31","Clothing","380","2","760","Credit Card","32","1","Cory Zuniga","32","Female"
"43388","2022-04-20 09:45:07","Home","365","4","1460","PayPal","32","1","Cory Zuniga","32","Female"
"43388","2020-09-15 14:26:50","Electronics","394","3","1182","Cash","32","1","Cory Zuniga","32","Female"
"43388","2023-07-07 21:17:27","Home","20","3","60","PayPal","32","0","Cory Zuniga","32","Female"
"43388","2022-01-20 00:51:20","Clothing","101","3","303","Credit Card","32","0","Cory Zuniga","32","Female"
"43388","2021-08-09 04:13:36","Clothing","337","2","674","Credit Card","32","0","Cory Zuniga","32","Female"
"43388","2022-02-27 09:50:57","Clothing","453","4","1812","Cash","32","0","Cory Zuniga","32","Female"
"39199","2022-01-24 01:55:43","Books","362","1","362","Credit Card","46","1","Ashley Shelton","46","Female"
"39199","2023-03-18 09:21:58","Home","448","2","896","PayPal","46","1","Ashley Shelton","46","Female"
"39199","2022-08-20 00:03:24","Books","197","5","985","Credit Card","46","1","Ashley Shelton","46","Female"
"39199","2020-07-25 07:42:40","Clothing","21","2","42","PayPal","46","0","Ashley Shelton","46","Female"
"39199","2021-12-04 16:00:07","Clothing","250","2","500","Cash","46","1","Ashley Shelton","46","Female"
"3843","2021-04-03 10:46:19","Electronics","441","2","882","Credit Card","43","1","Shelly Higgins","43","Female"
"3843","2022-02-12 17:01:14","Books","401","3","1203","Crypto","43","1","Shelly Higgins","43","Female"
"3843","2020-03-10 17:38:55","Electronics","276","3","828","Credit Card","43","0","Shelly Higgins","43","Female"
"3843","2020-05-16 21:10:54","Books","15","2","30","PayPal","43","1","Shelly Higgins","43","Female"
"3843","2022-02-11 18:27:01","Books","164","5","820","Credit Card","43","1","Shelly Higgins","43","Female"
"49593","2022-12-19 18:27:11","Home","136","5","680","PayPal","24","1","Steve Patton","24","Male"
"49593","2021-05-21 20:48:43","Home","299","2","598","Crypto","24","0","Steve Patton","24","Male"
"49593","2022-01-08 14:20:13","Books","196","1","196","Credit Card","24","0","Steve Patton","24","Male"
"49593","2021-05-01 15:03:48","Books","227","3","681","PayPal","24","0","Steve Patton","24","Male"
"49593","2022-10-03 23:40:34","Home","291","2","582","Credit Card","24","1","Steve Patton","24","Male"
"49593","2022-04-03 16:32:50","Clothing","342","1","342","PayPal","24","0","Steve Patton","24","Male"
"49593","2021-12-12 08:09:31","Clothing","265","4","1060","PayPal","24","1","Steve Patton","24","Male"
"49593","2022-03-31 22:48:27","Books","124","2","248","Crypto","24","0","Steve Patton","24","Male"
"49593","2021-11-27 19:47:36","Books","388","2","776","Cash","24","0","Steve Patton","24","Male"
"49593","2022-12-16 05:11:23","Home","121","5","605","PayPal","24","0","Steve Patton","24","Male"
"49593","2021-05-19 16:21:16","Clothing","124","1","124","Credit Card","24","0","Steve Patton","24","Male"
"49593","2022-08-17 23:49:04","Books","18","5","90","PayPal","24","1","Steve Patton","24","Male"
"34772","2020-11-30 10:39:49","Home","450","2","900","Cash","51","1","Kimberly Burgess","51","Female"
"34772","2020-08-18 23:37:29","Books","313","3","939","Crypto","51","0","Kimberly Burgess","51","Female"
"34772","2021-12-10 08:34:48","Electronics","389","3","1167","Cash","51","1","Kimberly Burgess","51","Female"
"34772","2022-11-30 18:46:39","Clothing","177","5","885","Credit Card","51","1","Kimberly Burgess","51","Female"
"34772","2022-07-26 19:45:47","Books","15","5","75","Credit Card","51","1","Kimberly Burgess","51","Female"
"34772","2020-10-02 12:19:24","Books","62","2","124","Credit Card","51","0","Kimberly Burgess","51","Female"
"34772","2020-01-02 16:27:32","Clothing","63","3","189","Credit Card","51","0","Kimberly Burgess","51","Female"
"34772","2020-06-29 13:01:26","Clothing","140","2","280","PayPal","51","1","Kimberly Burgess","51","Female"
"47326","2023-01-24 15:29:48","Clothing","386","3","1158","Cash","39","1","Heather Diaz","39","Female"
"47326","2022-08-25 12:48:54","Electronics","188","5","940","PayPal","39","0","Heather Diaz","39","Female"
"47326","2020-08-08 16:02:11","Home","371","1","371","Crypto","39","1","Heather Diaz","39","Female"
"47326","2023-06-23 22:41:06","Clothing","400","5","2000","PayPal","39","1","Heather Diaz","39","Female"
"47326","2023-04-03 12:12:35","Clothing","392","2","784","Cash","39","1","Heather Diaz","39","Female"
"47326","2021-10-14 14:16:23","Electronics","486","5","2430","Credit Card","39","1","Heather Diaz","39","Female"
"24270","2021-03-01 07:43:35","Electronics","323","1","323","Crypto","60","1","Phillip Harris","60","Male"
"24270","2020-01-25 08:55:06","Books","332","2","664","PayPal","60","1","Phillip Harris","60","Male"
"24270","2022-10-28 12:24:13","Clothing","92","2","184","PayPal","60","0","Phillip Harris","60","Male"
"24270","2023-05-14 22:58:21","Clothing","495","2","990","Credit Card","60","0","Phillip Harris","60","Male"
"24270","2023-06-19 17:24:03","Clothing","127","3","381","Credit Card","60","1","Phillip Harris","60","Male"
"25638","2022-11-13 05:57:54","Books","289","3","867","PayPal","64","0","Eric Huynh","64","Male"
"25638","2021-01-30 12:30:31","Clothing","79","5","395","Credit Card","64","1","Eric Huynh","64","Male"
"25638","2023-02-02 11:25:25","Books","294","3","882","PayPal","64","0","Eric Huynh","64","Male"
"25638","2021-07-12 21:34:37","Electronics","364","2","728","Credit Card","64","0","Eric Huynh","64","Male"
"25638","2021-12-18 00:23:02","Home","133","4","532","PayPal","64","1","Eric Huynh","64","Male"
"44610","2022-12-21 17:26:54","Clothing","291","5","1455","Crypto","68","0","Jennifer Cruz","68","Female"
"44610","2023-05-08 04:11:11","Clothing","16","4","64","Credit Card","68","0","Jennifer Cruz","68","Female"
"44610","2021-01-04 18:47:06","Electronics","348","1","348","Credit Card","68","1","Jennifer Cruz","68","Female"
"44610","2021-11-19 17:40:51","Clothing","212","4","848","Credit Card","68","1","Jennifer Cruz","68","Female"
"44610","2022-10-08 14:22:08","Home","90","3","270","Credit Card","68","1","Jennifer Cruz","68","Female"
"44610","2020-05-30 14:16:29","Books","46","2","92","Credit Card","68","0","Jennifer Cruz","68","Female"
"42239","2022-01-27 22:49:24","Home","39","2","78","Crypto","67","1","Brian Ross","67","Male"
"42239","2023-02-15 17:11:25","Clothing","424","1","424","Cash","67","0","Brian Ross","67","Male"
"42239","2023-02-07 13:42:37","Clothing","229","2","458","PayPal","67","0","Brian Ross","67","Male"
"42239","2020-03-04 04:39:57","Home","127","2","254","Cash","67","0","Brian Ross","67","Male"
"42239","2020-04-26 22:09:13","Home","113","2","226","PayPal","67","0","Brian Ross","67","Male"
"42239","2020-10-25 01:16:36","Clothing","129","5","645","PayPal","67","1","Brian Ross","67","Male"
"36664","2021-03-06 06:25:21","Books","404","5","2020","Cash","22","1","Scott Calhoun","22","Male"
"36664","2020-04-09 09:11:14","Electronics","437","5","2185","Crypto","22","0","Scott Calhoun","22","Male"
"36664","2020-11-11 03:59:43","Electronics","445","4","1780","Cash","22","0","Scott Calhoun","22","Male"
"36664","2023-07-19 02:29:17","Books","340","5","1700","Credit Card","22","0","Scott Calhoun","22","Male"
"36664","2020-12-23 17:03:20","Clothing","100","4","400","Crypto","22","0","Scott Calhoun","22","Male"
"36664","2020-03-28 23:47:48","Electronics","409","3","1227","PayPal","22","1","Scott Calhoun","22","Male"
"36664","2021-04-21 12:42:56","Clothing","86","1","86","PayPal","22","1","Scott Calhoun","22","Male"
"36664","2022-09-16 15:43:11","Electronics","354","2","708","Credit Card","22","0","Scott Calhoun","22","Male"
"36664","2022-12-03 15:32:51","Home","250","2","500","Credit Card","22","0","Scott Calhoun","22","Male"
"23703","2022-07-07 06:26:57","Books","449","4","1796","PayPal","19","0","Gregory Bolton","19","Male"
"23703","2021-04-18 07:03:31","Clothing","80","4","320","Credit Card","19","0","Gregory Bolton","19","Male"
"23703","2020-02-18 08:14:36","Home","158","4","632","Credit Card","19","0","Gregory Bolton","19","Male"
"23703","2020-11-30 05:18:42","Clothing","450","3","1350","PayPal","19","1","Gregory Bolton","19","Male"
"6089","2020-11-28 04:50:07","Home","215","2","430","Credit Card","49","0","Megan Reed","49","Female"
"6089","2020-01-24 05:58:38","Books","151","3","453","Cash","49","1","Megan Reed","49","Female"
"6089","2022-01-10 22:12:44","Clothing","92","3","276","PayPal","49","0","Megan Reed","49","Female"
"6089","2023-05-23 18:03:19","Books","46","4","184","Credit Card","49","0","Megan Reed","49","Female"
"6089","2022-05-27 00:39:48","Electronics","69","2","138","Crypto","49","1","Megan Reed","49","Female"
"6089","2020-10-04 03:37:10","Home","417","4","1668","Cash","49","0","Megan Reed","49","Female"
"6089","2021-02-14 23:03:15","Books","349","3","1047","PayPal","49","1","Megan Reed","49","Female"
"6089","2022-02-17 18:29:18","Books","153","3","459","PayPal","49","0","Megan Reed","49","Female"
"6089","2021-06-13 03:23:42","Clothing","450","5","2250","Credit Card","49","1","Megan Reed","49","Female"
"6089","2020-09-21 22:45:22","Electronics","56","3","168","Credit Card","49","1","Megan Reed","49","Female"
"34085","2020-06-20 23:00:32","Electronics","289","5","1445","Cash","63","0","John White","63","Male"
"34085","2021-01-31 15:39:29","Books","462","3","1386","Credit Card","63","0","John White","63","Male"
"34085","2021-03-21 11:49:43","Books","16","3","48","Cash","63","0","John White","63","Male"
"34085","2022-11-27 13:42:52","Electronics","88","3","264","Cash","63","0","John White","63","Male"
"34085","2022-05-17 01:51:56","Home","71","2","142","Credit Card","63","0","John White","63","Male"
"43154","2020-08-04 05:06:35","Books","432","1","432","Cash","41","1","Dwayne Shelton","41","Male"
"43154","2022-09-26 16:35:31","Books","393","1","393","Credit Card","41","1","Dwayne Shelton","41","Male"
"43154","2020-06-14 12:00:40","Books","184","3","552","Credit Card","41","1","Dwayne Shelton","41","Male"
"43154","2022-01-30 04:49:41","Books","103","5","515","Crypto","41","0","Dwayne Shelton","41","Male"
"43154","2022-12-07 15:54:58","Home","118","3","354","Cash","41","0","Dwayne Shelton","41","Male"
"24260","2020-10-09 00:41:36","Electronics","485","2","970","Cash","27","0","Linda Williams","27","Female"
"24260","2021-08-13 23:45:40","Clothing","416","3","1248","PayPal","27","1","Linda Williams","27","Female"
"24260","2021-02-15 00:42:18","Clothing","334","5","1670","Credit Card","27","0","Linda Williams","27","Female"
"24260","2020-09-17 10:24:34","Books","413","4","1652","Credit Card","27","0","Linda Williams","27","Female"
"24260","2022-09-21 04:46:29","Electronics","492","5","2460","PayPal","27","1","Linda Williams","27","Female"
"24260","2020-12-14 08:46:08","Electronics","12","3","36","PayPal","27","0","Linda Williams","27","Female"
"24260","2021-05-27 17:49:47","Books","198","4","792","Cash","27","0","Linda Williams","27","Female"
"24260","2022-06-11 16:02:24","Home","375","3","1125","Credit Card","27","0","Linda Williams","27","Female"
"24260","2020-06-18 20:09:53","Clothing","38","3","114","Credit Card","27","0","Linda Williams","27","Female"
"24260","2021-10-01 02:54:57","Books","196","5","980","Credit Card","27","1","Linda Williams","27","Female"
"24260","2021-11-22 19:53:14","Clothing","489","3","1467","PayPal","27","0","Linda Williams","27","Female"
"24260","2021-03-15 10:10:57","Books","414","5","2070","Crypto","27","0","Linda Williams","27","Female"
"15269","2023-08-23 14:14:31","Clothing","341","3","1023","PayPal","59","1","Amanda Davis","59","Female"
"15269","2021-12-01 12:39:56","Home","314","2","628","Credit Card","59","1","Amanda Davis","59","Female"
"15269","2021-12-14 21:46:54","Clothing","20","5","100","Credit Card","59","0","Amanda Davis","59","Female"
"15269","2022-10-25 06:14:57","Electronics","353","4","1412","Cash","59","1","Amanda Davis","59","Female"
"15269","2021-07-23 16:14:17","Books","346","4","1384","Credit Card","59","0","Amanda Davis","59","Female"
"15269","2021-11-09 12:46:08","Home","322","5","1610","PayPal","59","0","Amanda Davis","59","Female"
"15269","2022-10-04 02:17:56","Home","430","5","2150","PayPal","59","0","Amanda Davis","59","Female"
"5241","2021-04-17 15:48:38","Books","84","2","168","Credit Card","30","0","Gina Pratt","30","Female"
"5241","2021-10-10 07:54:17","Electronics","370","3","1110","Crypto","30","1","Gina Pratt","30","Female"
"5241","2021-11-15 09:12:26","Home","355","3","1065","Credit Card","30","1","Gina Pratt","30","Female"
"5241","2022-09-02 08:39:52","Clothing","55","2","110","Crypto","30","1","Gina Pratt","30","Female"
"5241","2022-08-01 12:11:01","Electronics","325","1","325","PayPal","30","1","Gina Pratt","30","Female"
"3443","2020-01-13 22:41:19","Clothing","270","3","810","PayPal","52","1","Dr. Hunter Liu Jr.","52","Male"
"3443","2020-12-19 09:21:16","Electronics","384","1","384","Credit Card","52","1","Dr. Hunter Liu Jr.","52","Male"
"3443","2021-01-05 02:45:53","Electronics","53","2","106","Cash","52","0","Dr. Hunter Liu Jr.","52","Male"
"3443","2020-09-11 22:17:46","Electronics","168","4","672","Credit Card","52","1","Dr. Hunter Liu Jr.","52","Male"
"3443","2023-05-15 12:34:36","Books","425","4","1700","PayPal","52","1","Dr. Hunter Liu Jr.","52","Male"
"3443","2021-05-04 14:09:24","Electronics","243","2","486","PayPal","52","0","Dr. Hunter Liu Jr.","52","Male"
"3443","2020-06-04 23:22:20","Electronics","428","3","1284","Credit Card","52","1","Dr. Hunter Liu Jr.","52","Male"
"3443","2021-02-13 12:45:58","Books","108","5","540","Cash","52","1","Dr. Hunter Liu Jr.","52","Male"
"3443","2021-02-13 01:23:04","Electronics","56","1","56","Credit Card","52","0","Dr. Hunter Liu Jr.","52","Male"
"47413","2022-03-06 16:11:58","Electronics","489","2","978","PayPal","61","0","Elizabeth Brown","61","Female"
"47413","2023-01-03 11:48:22","Clothing","114","3","342","Credit Card","61","0","Elizabeth Brown","61","Female"
"47413","2022-02-23 02:28:04","Books","87","1","87","Credit Card","61","1","Elizabeth Brown","61","Female"
"47413","2021-01-09 16:55:47","Home","258","5","1290","PayPal","61","0","Elizabeth Brown","61","Female"
"47413","2022-06-17 18:26:30","Electronics","137","2","274","Crypto","61","0","Elizabeth Brown","61","Female"
"47413","2023-02-09 01:25:01","Electronics","465","3","1395","Cash","61","1","Elizabeth Brown","61","Female"
"47413","2023-08-12 19:34:55","Clothing","111","5","555","Crypto","61","0","Elizabeth Brown","61","Female"
"47413","2022-05-29 18:13:44","Clothing","32","5","160","Credit Card","61","0","Elizabeth Brown","61","Female"
"39920","2022-10-06 12:40:31","Home","122","2","244","PayPal","38","1","Andrew Zimmerman","38","Male"
"39920","2023-07-28 02:33:47","Books","346","4","1384","Credit Card","38","1","Andrew Zimmerman","38","Male"
"39920","2020-03-05 10:15:56","Electronics","150","5","750","PayPal","38","0","Andrew Zimmerman","38","Male"
"39920","2020-10-20 22:07:00","Clothing","127","3","381","Cash","38","0","Andrew Zimmerman","38","Male"
"39920","2022-04-06 20:21:14","Home","37","1","37","Cash","38","0","Andrew Zimmerman","38","Male"
"39920","2021-06-28 09:10:20","Clothing","419","1","419","Crypto","38","0","Andrew Zimmerman","38","Male"
"39920","2020-05-08 13:00:31","Clothing","383","3","1149","Credit Card","38","1","Andrew Zimmerman","38","Male"
"39920","2021-12-29 22:58:40","Books","398","2","796","Credit Card","38","0","Andrew Zimmerman","38","Male"
"45933","2023-02-04 05:38:41","Home","396","2","792","PayPal","23","0","Corey Barajas","23","Female"
"45933","2021-08-19 22:54:33","Books","155","4","620","Crypto","23","0","Corey Barajas","23","Female"
"45933","2021-05-19 05:01:17","Clothing","35","5","175","Crypto","23","1","Corey Barajas","23","Female"
"45933","2021-04-15 21:40:25","Books","202","3","606","Crypto","23","1","Corey Barajas","23","Female"
"45933","2020-03-11 13:25:01","Home","291","3","873","Crypto","23","0","Corey Barajas","23","Female"
"45933","2022-10-21 10:27:25","Home","484","4","1936","Cash","23","0","Corey Barajas","23","Female"
"45933","2020-01-28 06:44:45","Clothing","49","3","147","Credit Card","23","0","Corey Barajas","23","Female"
"8969","2023-03-07 02:16:54","Books","382","5","1910","Credit Card","28","1","Brian Salas","28","Male"
"8969","2022-04-01 06:55:04","Clothing","414","3","1242","PayPal","28","0","Brian Salas","28","Male"
"44809","2020-11-11 19:41:28","Home","425","3","1275","PayPal","30","0","David Vincent","30","Male"
"44809","2022-07-22 17:39:33","Clothing","113","1","113","Crypto","30","0","David Vincent","30","Male"
"44809","2022-03-27 12:11:48","Clothing","95","1","95","Cash","30","0","David Vincent","30","Male"
"44809","2022-08-21 21:23:49","Home","349","2","698","Credit Card","30","1","David Vincent","30","Male"
"44809","2022-08-29 01:49:09","Clothing","238","1","238","Crypto","30","0","David Vincent","30","Male"
"44809","2020-03-21 15:39:29","Clothing","209","1","209","Credit Card","30","0","David Vincent","30","Male"
"6163","2020-09-21 22:01:52","Home","424","3","1272","Credit Card","30","0","Jennifer Klein","30","Female"
"6163","2022-06-30 18:37:47","Clothing","36","2","72","Cash","30","1","Jennifer Klein","30","Female"
"6163","2023-02-04 11:49:39","Books","488","2","976","Cash","30","0","Jennifer Klein","30","Female"
"6163","2022-03-01 12:33:16","Books","25","3","75","PayPal","30","0","Jennifer Klein","30","Female"
"6163","2023-04-25 10:29:26","Books","155","1","155","PayPal","30","0","Jennifer Klein","30","Female"
"2919","2022-11-23 08:01:54","Books","214","4","856","PayPal","39","0","Brian Ward","39","Male"
"2919","2021-11-05 19:51:49","Books","493","1","493","Credit Card","39","0","Brian Ward","39","Male"
"2919","2020-01-31 12:11:11","Home","291","3","873","PayPal","39","0","Brian Ward","39","Male"
"2919","2023-01-01 18:37:26","Books","315","1","315","PayPal","39","1","Brian Ward","39","Male"
"2919","2020-04-04 03:45:02","Home","435","1","435","Cash","39","1","Brian Ward","39","Male"
"2919","2022-08-28 06:12:54","Books","430","3","1290","PayPal","39","0","Brian Ward","39","Male"
"2919","2021-12-02 05:29:52","Books","209","4","836","Credit Card","39","1","Brian Ward","39","Male"
"2919","2021-10-23 12:16:16","Books","381","1","381","Credit Card","39","0","Brian Ward","39","Male"
"2919","2020-07-02 17:27:05","Books","333","3","999","PayPal","39","0","Brian Ward","39","Male"
"2919","2021-08-20 12:58:24","Clothing","140","2","280","Cash","39","0","Brian Ward","39","Male"
"33320","2022-05-17 08:08:11","Home","450","3","1350","Credit Card","21","0","Laura Vance","21","Female"
"33320","2021-06-07 12:22:41","Electronics","495","5","2475","PayPal","21","1","Laura Vance","21","Female"
"33320","2022-09-13 08:28:12","Books","87","5","435","PayPal","21","0","Laura Vance","21","Female"
"33320","2020-03-31 00:48:25","Clothing","224","1","224","Credit Card","21","1","Laura Vance","21","Female"
"33320","2020-07-05 19:40:21","Books","480","1","480","Credit Card","21","0","Laura Vance","21","Female"
"33320","2020-09-20 18:23:11","Books","380","3","1140","PayPal","21","1","Laura Vance","21","Female"
"33320","2023-07-31 21:39:43","Clothing","205","5","1025","Credit Card","21","0","Laura Vance","21","Female"
"33320","2021-12-30 23:46:34","Electronics","296","5","1480","Crypto","21","1","Laura Vance","21","Female"
"33320","2021-06-12 22:22:01","Clothing","421","4","1684","Credit Card","21","1","Laura Vance","21","Female"
"33320","2020-05-26 10:08:41","Home","420","2","840","Credit Card","21","1","Laura Vance","21","Female"
"19284","2023-06-19 16:19:04","Clothing","269","4","1076","Credit Card","59","0","Lindsey Stewart","59","Female"
"19284","2022-04-16 07:48:50","Books","261","4","1044","Cash","59","1","Lindsey Stewart","59","Female"
"19284","2022-01-14 14:39:41","Clothing","255","2","510","Cash","59","0","Lindsey Stewart","59","Female"
"19284","2021-05-06 06:25:24","Books","346","3","1038","Credit Card","59","1","Lindsey Stewart","59","Female"
"19284","2022-07-02 05:53:02","Clothing","354","4","1416","Credit Card","59","0","Lindsey Stewart","59","Female"
"38226","2020-02-12 07:00:13","Electronics","311","3","933","Credit Card","46","0","Edward Mejia","46","Male"
"38226","2021-02-22 18:39:43","Clothing","493","5","2465","Crypto","46","1","Edward Mejia","46","Male"
"38226","2020-07-06 01:22:45","Clothing","443","5","2215","PayPal","46","0","Edward Mejia","46","Male"
"38226","2021-09-22 19:38:27","Clothing","468","3","1404","Cash","46","1","Edward Mejia","46","Male"
"38226","2021-06-19 00:48:08","Books","253","2","506","PayPal","46","1","Edward Mejia","46","Male"
"38226","2021-11-30 06:57:14","Clothing","318","1","318","Credit Card","46","1","Edward Mejia","46","Male"
"7547","2021-12-03 00:52:57","Home","404","3","1212","PayPal","43","0","Christina Miller","43","Female"
"7547","2020-02-26 00:34:55","Electronics","103","4","412","PayPal","43","1","Christina Miller","43","Female"
"7547","2023-03-02 04:57:36","Electronics","49","1","49","PayPal","43","0","Christina Miller","43","Female"
"7547","2020-02-19 18:00:15","Home","428","4","1712","PayPal","43","1","Christina Miller","43","Female"
"7547","2023-01-14 20:57:43","Clothing","376","5","1880","Credit Card","43","1","Christina Miller","43","Female"
"7547","2020-05-23 16:06:21","Electronics","122","1","122","Credit Card","43","0","Christina Miller","43","Female"
"7547","2022-04-29 06:03:45","Home","442","5","2210","PayPal","43","1","Christina Miller","43","Female"
"7547","2021-04-20 04:26:16","Home","314","5","1570","Credit Card","43","0","Christina Miller","43","Female"
"7547","2021-12-11 20:06:56","Home","409","1","409","Credit Card","43","0","Christina Miller","43","Female"
"18196","2022-10-13 04:34:26","Clothing","358","3","1074","Credit Card","37","1","Stacy Rowland","37","Female"
"18196","2023-06-12 22:25:23","Home","182","5","910","PayPal","37","0","Stacy Rowland","37","Female"
"18196","2022-03-05 10:44:44","Electronics","243","2","486","Credit Card","37","1","Stacy Rowland","37","Female"
"18196","2020-09-02 10:47:52","Books","185","4","740","Credit Card","37","1","Stacy Rowland","37","Female"
"18196","2023-05-24 21:33:56","Books","354","5","1770","Crypto","37","1","Stacy Rowland","37","Female"
"18196","2023-07-10 15:42:19","Clothing","460","1","460","Credit Card","37","0","Stacy Rowland","37","Female"
"14162","2020-04-08 13:24:47","Home","81","3","243","Cash","34","1","Danielle Davis","34","Male"
"14162","2020-12-13 16:16:19","Electronics","266","4","1064","Credit Card","34","1","Danielle Davis","34","Male"
"14162","2023-02-03 23:53:45","Electronics","262","3","786","Credit Card","34","0","Danielle Davis","34","Male"
"14162","2022-06-14 06:18:55","Electronics","401","3","1203","Credit Card","34","0","Danielle Davis","34","Male"
"14162","2020-03-24 12:14:01","Books","489","4","1956","PayPal","34","0","Danielle Davis","34","Male"
"14162","2021-06-06 23:03:07","Books","371","2","742","Credit Card","34","0","Danielle Davis","34","Male"
"8626","2023-03-08 04:08:12","Clothing","41","3","123","Crypto","22","1","Ralph Flores","22","Male"
"8626","2020-09-08 16:04:23","Clothing","40","1","40","Credit Card","22","1","Ralph Flores","22","Male"
"8626","2022-01-06 08:33:34","Clothing","33","3","99","Credit Card","22","0","Ralph Flores","22","Male"
"8626","2020-11-05 10:42:56","Books","451","4","1804","Crypto","22","0","Ralph Flores","22","Male"
"8626","2023-07-06 10:07:27","Clothing","449","2","898","Crypto","22","0","Ralph Flores","22","Male"
"8626","2020-03-13 04:37:08","Books","498","5","2490","PayPal","22","1","Ralph Flores","22","Male"
"8626","2022-01-10 03:25:55","Clothing","74","3","222","PayPal","22","0","Ralph Flores","22","Male"
"8626","2021-06-02 03:00:03","Electronics","184","1","184","PayPal","22","1","Ralph Flores","22","Male"
"28501","2023-07-28 03:19:05","Clothing","209","3","627","Credit Card","35","1","Erin Campbell","35","Male"
"28501","2020-11-12 19:40:20","Home","126","4","504","PayPal","35","0","Erin Campbell","35","Male"
"28501","2022-05-21 04:15:25","Books","164","4","656","Cash","35","0","Erin Campbell","35","Male"
"28501","2020-04-28 13:26:47","Books","301","4","1204","PayPal","35","1","Erin Campbell","35","Male"
"28501","2021-02-02 06:31:22","Clothing","291","2","582","Cash","35","0","Erin Campbell","35","Male"
"28501","2020-07-12 14:14:25","Books","224","1","224","Crypto","35","0","Erin Campbell","35","Male"
"29635","2023-03-08 18:12:00","Clothing","477","3","1431","PayPal","30","1","Brandon Parrish","30","Male"
"29635","2021-04-11 20:27:42","Books","318","2","636","Cash","30","1","Brandon Parrish","30","Male"
"29635","2021-03-22 20:41:41","Clothing","248","4","992","Cash","30","1","Brandon Parrish","30","Male"
"29635","2020-12-31 19:35:54","Clothing","414","4","1656","Credit Card","30","1","Brandon Parrish","30","Male"
"23422","2022-07-29 01:41:19","Home","382","4","1528","Credit Card","36","1","Matthew Brooks","36","Male"
"23422","2023-06-18 07:43:39","Books","348","3","1044","PayPal","36","0","Matthew Brooks","36","Male"
"23422","2022-02-04 11:08:53","Clothing","303","4","1212","Cash","36","1","Matthew Brooks","36","Male"
"23422","2020-11-17 05:05:58","Books","83","1","83","Credit Card","36","0","Matthew Brooks","36","Male"
"23422","2020-10-15 07:43:54","Electronics","298","1","298","Credit Card","36","1","Matthew Brooks","36","Male"
"23422","2021-01-05 01:54:10","Home","211","1","211","PayPal","36","0","Matthew Brooks","36","Male"
"23422","2023-02-10 17:48:12","Home","433","1","433","PayPal","36","0","Matthew Brooks","36","Male"
"23422","2021-04-12 05:22:02","Books","218","1","218","Crypto","36","0","Matthew Brooks","36","Male"
"23422","2021-03-18 12:39:31","Books","483","3","1449","Cash","36","0","Matthew Brooks","36","Male"
"46076","2023-07-23 17:17:29","Clothing","131","1","131","PayPal","38","0","Thomas Green","38","Male"
"46076","2020-05-30 15:01:32","Clothing","101","1","101","Credit Card","38","1","Thomas Green","38","Male"
"46076","2022-03-17 13:57:57","Clothing","311","2","622","Credit Card","38","0","Thomas Green","38","Male"
"46076","2022-03-12 08:25:29","Home","110","2","220","Cash","38","0","Thomas Green","38","Male"
"46076","2022-08-02 20:11:00","Books","216","2","432","Credit Card","38","1","Thomas Green","38","Male"
"46076","2020-10-21 10:21:25","Clothing","226","5","1130","Credit Card","38","0","Thomas Green","38","Male"
"46076","2020-07-19 21:05:31","Electronics","313","3","939","Credit Card","38","0","Thomas Green","38","Male"
"13989","2020-07-31 13:26:50","Electronics","27","4","108","PayPal","27","0","William Valdez","27","Female"
"13989","2022-10-07 00:11:08","Electronics","303","3","909","Credit Card","27","0","William Valdez","27","Female"
"13989","2022-02-01 04:20:14","Home","15","2","30","PayPal","27","1","William Valdez","27","Female"
"13989","2020-07-10 19:04:20","Books","354","5","1770","Cash","27","1","William Valdez","27","Female"
"13989","2020-08-26 10:01:11","Electronics","412","5","2060","Crypto","27","0","William Valdez","27","Female"
"32384","2020-12-05 23:50:10","Home","372","4","1488","Credit Card","66","1","Kristin Harper","66","Female"
"32384","2020-12-21 08:09:42","Clothing","143","2","286","Credit Card","66","1","Kristin Harper","66","Female"
"32384","2022-10-25 18:48:51","Clothing","436","4","1744","Credit Card","66","1","Kristin Harper","66","Female"
"32384","2022-03-22 21:13:21","Clothing","319","2","638","PayPal","66","0","Kristin Harper","66","Female"
"32384","2022-09-03 00:09:56","Books","229","2","458","Credit Card","66","0","Kristin Harper","66","Female"
"32384","2020-05-30 07:49:53","Books","172","2","344","Cash","66","0","Kristin Harper","66","Female"
"32384","2023-03-17 02:23:24","Clothing","401","3","1203","PayPal","66","0","Kristin Harper","66","Female"
"32384","2022-10-18 16:52:24","Home","94","1","94","PayPal","66","0","Kristin Harper","66","Female"
"37881","2022-10-18 05:57:39","Home","21","5","105","PayPal","52","0","Martin Mason MD","52","Male"
"37881","2020-01-25 11:08:50","Electronics","460","2","920","Crypto","52","0","Martin Mason MD","52","Male"
"37881","2023-04-28 00:32:30","Books","200","4","800","Cash","52","1","Martin Mason MD","52","Male"
"37881","2020-08-18 20:43:55","Clothing","149","1","149","Credit Card","52","1","Martin Mason MD","52","Male"
"37881","2023-06-01 19:31:58","Home","43","3","129","Credit Card","52","1","Martin Mason MD","52","Male"
"27922","2023-08-22 07:15:53","Books","278","5","1390","Credit Card","47","1","Martin Roy","47","Male"
"27922","2022-05-26 01:30:01","Electronics","67","5","335","PayPal","47","0","Martin Roy","47","Male"
"27922","2021-02-05 09:34:50","Home","53","1","53","Cash","47","1","Martin Roy","47","Male"
"27922","2021-03-28 02:43:37","Electronics","365","4","1460","Credit Card","47","0","Martin Roy","47","Male"
"27922","2021-01-07 05:54:51","Clothing","389","4","1556","PayPal","47","0","Martin Roy","47","Male"
"27922","2022-10-17 15:47:07","Home","493","3","1479","Credit Card","47","1","Martin Roy","47","Male"
"35410","2021-09-06 01:17:34","Home","255","1","255","PayPal","66","0","Jennifer Henderson","66","Female"
"35410","2020-12-12 08:57:42","Clothing","79","2","158","Credit Card","66","0","Jennifer Henderson","66","Female"
"35410","2022-09-17 03:45:59","Home","458","3","1374","Cash","66","0","Jennifer Henderson","66","Female"
"35410","2022-11-10 13:15:10","Books","445","4","1780","Credit Card","66","1","Jennifer Henderson","66","Female"
"35410","2021-06-16 20:44:46","Clothing","108","3","324","Cash","66","1","Jennifer Henderson","66","Female"
"35410","2022-12-18 03:51:54","Home","164","2","328","Crypto","66","1","Jennifer Henderson","66","Female"
"35410","2021-05-09 06:52:57","Home","34","1","34","Cash","66","1","Jennifer Henderson","66","Female"
"35410","2021-03-05 11:05:11","Books","162","4","648","PayPal","66","1","Jennifer Henderson","66","Female"
"14237","2022-10-26 22:29:46","Books","226","4","904","PayPal","21","0","Yvette Rivas","21","Female"
"14237","2021-08-10 09:27:23","Books","477","2","954","Credit Card","21","0","Yvette Rivas","21","Female"
"14237","2021-05-18 13:56:28","Electronics","114","2","228","Credit Card","21","1","Yvette Rivas","21","Female"
"14237","2023-08-18 07:57:45","Books","11","3","33","Credit Card","21","1","Yvette Rivas","21","Female"
"14237","2020-09-10 03:23:12","Home","415","1","415","PayPal","21","1","Yvette Rivas","21","Female"
"14237","2020-01-10 08:58:08","Clothing","253","3","759","PayPal","21","1","Yvette Rivas","21","Female"
"14237","2023-08-09 04:52:22","Books","117","2","234","Cash","21","1","Yvette Rivas","21","Female"
"14237","2020-06-14 08:42:55","Books","144","1","144","Credit Card","21","0","Yvette Rivas","21","Female"
"14237","2021-06-17 01:05:50","Clothing","65","4","260","PayPal","21","1","Yvette Rivas","21","Female"
"40321","2022-02-08 11:07:08","Books","81","3","243","Credit Card","22","1","Megan Wong","22","Female"
"40321","2023-07-08 00:00:47","Books","143","2","286","PayPal","22","1","Megan Wong","22","Female"
"40321","2023-05-22 16:01:27","Home","56","4","224","Credit Card","22","0","Megan Wong","22","Female"
"40321","2023-07-25 01:32:26","Electronics","230","4","920","PayPal","22","1","Megan Wong","22","Female"
"40321","2022-04-15 18:47:36","Electronics","149","5","745","Credit Card","22","0","Megan Wong","22","Female"
"35059","2023-01-06 01:41:44","Books","42","5","210","Crypto","66","1","Timothy Osborne","66","Male"
"35059","2020-02-01 02:00:31","Electronics","349","1","349","Credit Card","66","0","Timothy Osborne","66","Male"
"35059","2020-04-20 12:48:33","Books","381","5","1905","Credit Card","66","1","Timothy Osborne","66","Male"
"35059","2021-03-30 15:33:44","Clothing","79","5","395","PayPal","66","1","Timothy Osborne","66","Male"
"35059","2022-09-07 03:10:26","Clothing","58","1","58","Cash","66","0","Timothy Osborne","66","Male"
"10461","2022-11-29 11:51:14","Home","62","1","62","Credit Card","59","0","David Morris","59","Male"
"10461","2020-02-02 17:46:04","Clothing","427","1","427","Credit Card","59","1","David Morris","59","Male"
"10461","2023-08-16 01:29:36","Clothing","82","5","410","PayPal","59","0","David Morris","59","Male"
"10461","2022-03-12 00:28:44","Books","37","3","111","PayPal","59","1","David Morris","59","Male"
"10461","2021-04-09 04:51:27","Clothing","319","1","319","Credit Card","59","1","David Morris","59","Male"
"10461","2022-06-23 11:09:28","Home","51","4","204","Credit Card","59","0","David Morris","59","Male"
"10461","2022-07-15 08:21:08","Electronics","168","5","840","Credit Card","59","1","David Morris","59","Male"
"10461","2022-11-12 16:29:23","Books","289","3","867","Cash","59","0","David Morris","59","Male"
"24866","2023-03-07 13:36:01","Home","235","2","470","Credit Card","40","0","Pamela Carter","40","Female"
"24866","2020-08-21 14:33:39","Books","46","4","184","Credit Card","40","0","Pamela Carter","40","Female"
"24866","2020-07-29 11:57:45","Home","42","2","84","Credit Card","40","1","Pamela Carter","40","Female"
"24866","2022-12-13 14:39:17","Books","144","4","576","Cash","40","0","Pamela Carter","40","Female"
"24866","2023-05-05 05:14:23","Home","493","1","493","Credit Card","40","0","Pamela Carter","40","Female"
"2864","2022-08-07 01:16:43","Clothing","66","3","198","Cash","40","0","Alvin Hardin","40","Male"
"2864","2020-11-05 12:23:41","Clothing","492","1","492","Credit Card","40","0","Alvin Hardin","40","Male"
"2864","2023-04-22 10:07:42","Clothing","457","5","2285","PayPal","40","0","Alvin Hardin","40","Male"
"2864","2020-03-17 15:33:07","Home","272","2","544","PayPal","40","0","Alvin Hardin","40","Male"
"48598","2020-01-29 20:24:51","Books","383","3","1149","Cash","48","0","Brittany Ramirez","48","Female"
"48598","2022-02-16 08:50:29","Home","282","2","564","Credit Card","48","1","Brittany Ramirez","48","Female"
"48598","2021-09-04 11:28:07","Books","246","1","246","PayPal","48","0","Brittany Ramirez","48","Female"
"48598","2020-10-08 09:59:01","Books","379","1","379","Crypto","48","0","Brittany Ramirez","48","Female"
"48598","2022-07-06 23:28:01","Books","307","4","1228","Credit Card","48","1","Brittany Ramirez","48","Female"
"48598","2020-09-14 03:27:44","Clothing","51","5","255","PayPal","48","0","Brittany Ramirez","48","Female"
"48598","2021-08-26 18:35:42","Books","54","4","216","PayPal","48","1","Brittany Ramirez","48","Female"
"30041","2020-07-09 21:31:14","Books","180","4","720","PayPal","36","0","Sean Payne","36","Male"
"30041","2022-07-21 09:11:28","Home","347","5","1735","Credit Card","36","0","Sean Payne","36","Male"
"30041","2022-11-18 19:15:07","Electronics","444","1","444","Cash","36","0","Sean Payne","36","Male"
"30041","2021-10-29 13:23:40","Electronics","483","3","1449","Cash","36","1","Sean Payne","36","Male"
"18890","2023-08-02 07:55:42","Home","322","1","322","Credit Card","53","0","Jonathan Burgess","53","Male"
"18890","2022-06-17 13:45:04","Clothing","348","2","696","Credit Card","53","1","Jonathan Burgess","53","Male"
"18890","2021-03-02 23:39:48","Clothing","149","5","745","Credit Card","53","0","Jonathan Burgess","53","Male"
"18890","2020-12-09 02:43:26","Electronics","424","5","2120","Cash","53","0","Jonathan Burgess","53","Male"
"18890","2021-04-25 09:44:48","Books","249","1","249","Credit Card","53","1","Jonathan Burgess","53","Male"
"25798","2020-08-06 11:32:07","Electronics","83","5","415","Cash","70","0","Yvette Garrison","70","Female"
"25798","2022-02-12 20:05:11","Books","361","3","1083","Credit Card","70","0","Yvette Garrison","70","Female"
"25798","2023-03-02 04:58:30","Clothing","491","2","982","Credit Card","70","1","Yvette Garrison","70","Female"
"25798","2020-10-27 08:48:33","Clothing","17","3","51","PayPal","70","1","Yvette Garrison","70","Female"
"25798","2022-12-26 07:41:22","Books","22","3","66","PayPal","70","0","Yvette Garrison","70","Female"
"25798","2020-10-08 01:46:40","Electronics","119","4","476","PayPal","70","1","Yvette Garrison","70","Female"
"25798","2020-05-20 06:16:22","Clothing","315","1","315","Cash","70","1","Yvette Garrison","70","Female"
"25798","2020-04-04 02:05:22","Home","300","5","1500","Crypto","70","1","Yvette Garrison","70","Female"
"19511","2022-06-04 12:54:52","Books","259","5","1295","Cash","39","0","Jennifer Schroeder","39","Female"
