Customer ID,Purchase Date,Product Category,Product Price,Quantity,Total Purchase Amount,Payment Method,Customer Age,Returns,Customer Name,Age,Gender,Churn
46251,2020-09-08 09:38:32,Electronics,12,3,740,Credit Card,37,0.0,Christine Hernandez,37,Male,0
46251,2022-03-05 12:56:35,Home,468,4,2739,PayPal,37,0.0,Christine Hernandez,37,Male,0
46251,2022-05-23 18:18:01,Home,288,2,3196,PayPal,37,0.0,Christine Hernandez,37,Male,0
46251,2020-11-12 13:13:29,Clothing,196,1,3509,PayPal,37,0.0,Christine Hernandez,37,Male,0
13593,2020-11-27 17:55:11,Home,449,1,3452,Credit Card,49,0.0,James Grant,49,Female,1
13593,2023-03-07 14:17:42,Home,250,4,575,PayPal,49,1.0,James Grant,49,Female,1
13593,2023-04-15 03:02:33,Electronics,73,1,1896,Credit Card,49,0.0,James Grant,49,Female,1
13593,2021-03-27 21:23:28,Books,337,2,2937,Cash,49,0.0,James Grant,49,Female,1
13593,2020-05-05 20:14:00,Clothing,182,2,3363,PayPal,49,1.0,James Grant,49,Female,1
28805,2023-09-13 04:24:00,Electronics,394,2,1993,Credit Card,19,0.0,Jose Collier,19,Male,0
28805,2021-03-31 09:50:57,Clothing,366,1,246,PayPal,19,0.0,Jose Collier,19,Male,0
28805,2021-01-18 22:42:24,Books,348,1,2682,Credit Card,19,1.0,Jose Collier,19,Male,0
28805,2020-01-07 12:57:35,Books,103,4,731,Cash,19,0.0,Jose Collier,19,Male,0
28805,2021-02-12 20:33:20,Books,240,1,2563,PayPal,19,0.0,Jose Collier,19,Male,0
28805,2020-07-02 02:54:37,Clothing,368,1,1342,Credit Card,19,,Jose Collier,19,Male,0
28961,2021-04-25 23:55:21,Books,30,1,4135,PayPal,55,,James Stein,55,Male,0
28961,2020-01-13 09:57:17,Books,153,5,698,Credit Card,55,0.0,James Stein,55,Male,0
28961,2023-06-18 21:34:27,Clothing,259,1,2975,Credit Card,55,0.0,James Stein,55,Male,0
28961,2021-09-10 00:39:41,Books,489,3,2213,Credit Card,55,1.0,James Stein,55,Male,0
28961,2023-06-01 19:07:10,Books,232,3,4452,PayPal,55,1.0,James Stein,55,Male,0
12163,2021-12-18 17:49:18,Clothing,255,2,1642,Credit Card,67,,Sonia Moreno,67,Male,0
12163,2020-06-20 05:56:17,Books,227,3,887,PayPal,67,,Sonia Moreno,67,Male,0
12163,2023-07-08 13:36:47,Clothing,288,2,1405,PayPal,67,0.0,Sonia Moreno,67,Male,0
12163,2023-07-01 12:36:00,Books,60,3,4130,Cash,67,,Sonia Moreno,67,Male,0
12163,2022-11-16 08:56:03,Home,285,4,384,Crypto,67,,Sonia Moreno,67,Male,0
12163,2020-04-07 04:24:44,Books,100,5,1273,Cash,67,0.0,Sonia Moreno,67,Male,0
12163,2020-11-28 16:48:01,Electronics,28,4,495,Credit Card,67,0.0,Sonia Moreno,67,Male,0
12163,2020-08-21 09:23:52,Electronics,382,2,1532,PayPal,67,1.0,Sonia Moreno,67,Male,0
12163,2023-04-24 23:55:44,Home,400,5,1673,Credit Card,67,1.0,Sonia Moreno,67,Male,0
28248,2023-04-09 01:33:30,Clothing,410,1,445,Cash,48,,Kelly Ramirez,48,Male,1
28248,2020-04-26 21:19:56,Books,70,5,1037,PayPal,48,0.0,Kelly Ramirez,48,Male,1
28248,2023-09-12 20:36:28,Home,243,3,2516,PayPal,48,0.0,Kelly Ramirez,48,Male,1
28248,2021-06-25 14:52:44,Home,131,4,2019,PayPal,48,0.0,Kelly Ramirez,48,Male,1
28248,2021-11-24 07:13:08,Home,327,1,1496,Cash,48,,Kelly Ramirez,48,Male,1
28248,2022-09-22 17:12:16,Books,405,3,1687,PayPal,48,1.0,Kelly Ramirez,48,Male,1
28248,2021-08-03 09:41:40,Electronics,219,2,468,PayPal,48,0.0,Kelly Ramirez,48,Male,1
6761,2021-11-29 12:56:23,Books,218,5,3034,Credit Card,46,0.0,Johnny Peterson,46,Female,0
6761,2020-11-23 05:27:32,Clothing,304,4,3110,Cash,46,,Johnny Peterson,46,Female,0
6761,2020-01-08 05:34:28,Clothing,20,4,3075,PayPal,46,0.0,Johnny Peterson,46,Female,0
6761,2021-05-10 17:46:35,Home,400,2,1036,Cash,46,,Johnny Peterson,46,Female,0
17018,2023-06-27 03:47:09,Home,227,2,1953,Cash,21,1.0,Jerry Mendoza,21,Male,0
17018,2022-01-17 11:15:32,Clothing,285,3,4630,Credit Card,21,1.0,Jerry Mendoza,21,Male,0
17018,2022-03-03 04:41:32,Books,31,1,268,Credit Card,21,0.0,Jerry Mendoza,21,Male,0
17018,2020-05-10 00:33:28,Books,434,4,456,PayPal,21,0.0,Jerry Mendoza,21,Male,0
17018,2022-12-09 08:32:41,Home,156,3,3937,Credit Card,21,0.0,Jerry Mendoza,21,Male,0
17018,2021-04-30 13:16:25,Clothing,119,3,3967,PayPal,21,,Jerry Mendoza,21,Male,0
17018,2020-06-25 00:15:16,Electronics,53,4,3729,PayPal,21,1.0,Jerry Mendoza,21,Male,0
11462,2020-01-12 09:59:22,Clothing,485,3,509,PayPal,32,1.0,Cory Wagner,32,Female,0
11462,2023-01-12 07:48:01,Home,191,4,1785,PayPal,32,,Cory Wagner,32,Female,0
11462,2022-01-04 00:05:56,Books,31,5,1464,Cash,32,0.0,Cory Wagner,32,Female,0
11462,2020-08-27 13:27:00,Home,355,5,1799,Credit Card,32,1.0,Cory Wagner,32,Female,0
11462,2023-02-27 13:50:56,Books,284,3,297,Crypto,32,0.0,Cory Wagner,32,Female,0
11462,2020-04-20 14:48:00,Clothing,82,5,3439,Cash,32,0.0,Cory Wagner,32,Female,0
43388,2020-05-14 22:22:00,Home,370,5,1034,Cash,32,1.0,Cory Zuniga,32,Female,0
43388,2020-12-02 18:32:31,Clothing,380,2,840,Credit Card,32,1.0,Cory Zuniga,32,Female,0
43388,2022-04-20 09:45:07,Home,365,4,3119,PayPal,32,1.0,Cory Zuniga,32,Female,0
43388,2020-09-15 14:26:50,Electronics,394,3,2877,Cash,32,1.0,Cory Zuniga,32,Female,0
43388,2023-07-07 21:17:27,Home,20,3,3294,PayPal,32,,Cory Zuniga,32,Female,0
43388,2022-01-20 00:51:20,Clothing,101,3,4487,Credit Card,32,0.0,Cory Zuniga,32,Female,0
43388,2021-08-09 04:13:36,Clothing,337,2,4258,Credit Card,32,0.0,Cory Zuniga,32,Female,0
43388,2022-02-27 09:50:57,Clothing,453,4,365,Cash,32,,Cory Zuniga,32,Female,0
39199,2022-01-24 01:55:43,Books,362,1,1766,Credit Card,46,1.0,Ashley Shelton,46,Male,0
39199,2023-03-18 09:21:58,Home,448,2,3260,PayPal,46,1.0,Ashley Shelton,46,Male,0
39199,2022-08-20 00:03:24,Books,197,5,2442,Credit Card,46,1.0,Ashley Shelton,46,Male,0
39199,2020-07-25 07:42:40,Clothing,21,2,559,PayPal,46,,Ashley Shelton,46,Male,0
39199,2021-12-04 16:00:07,Clothing,250,2,2630,Cash,46,1.0,Ashley Shelton,46,Male,0
3843,2021-04-03 10:46:19,Electronics,441,2,556,Credit Card,43,1.0,Shelly Higgins,43,Male,0
3843,2022-02-12 17:01:14,Books,401,3,1996,Crypto,43,1.0,Shelly Higgins,43,Male,0
3843,2020-03-10 17:38:55,Electronics,276,3,4997,Credit Card,43,,Shelly Higgins,43,Male,0
3843,2020-05-16 21:10:54,Books,15,2,1651,PayPal,43,1.0,Shelly Higgins,43,Male,0
3843,2022-02-11 18:27:01,Books,164,5,3607,Credit Card,43,1.0,Shelly Higgins,43,Male,0
49593,2022-12-19 18:27:11,Home,136,5,3200,PayPal,24,1.0,Steve Patton,24,Male,1
49593,2021-05-21 20:48:43,Home,299,2,1171,Crypto,24,0.0,Steve Patton,24,Male,1
49593,2022-01-08 14:20:13,Books,196,1,2550,Credit Card,24,0.0,Steve Patton,24,Male,1
49593,2021-05-01 15:03:48,Books,227,3,1856,PayPal,24,,Steve Patton,24,Male,1
49593,2022-10-03 23:40:34,Home,291,2,419,Credit Card,24,1.0,Steve Patton,24,Male,1
49593,2022-04-03 16:32:50,Clothing,342,1,337,PayPal,24,0.0,Steve Patton,24,Male,1
49593,2021-12-12 08:09:31,Clothing,265,4,4613,PayPal,24,1.0,Steve Patton,24,Male,1
49593,2022-03-31 22:48:27,Books,124,2,1848,Crypto,24,0.0,Steve Patton,24,Male,1
49593,2021-11-27 19:47:36,Books,388,2,743,Cash,24,,Steve Patton,24,Male,1
49593,2022-12-16 05:11:23,Home,121,5,4434,PayPal,24,0.0,Steve Patton,24,Male,1
49593,2021-05-19 16:21:16,Clothing,124,1,3246,Credit Card,24,0.0,Steve Patton,24,Male,1
49593,2022-08-17 23:49:04,Books,18,5,2670,PayPal,24,1.0,Steve Patton,24,Male,1
34772,2020-11-30 10:39:49,Home,450,2,1899,Cash,51,1.0,Kimberly Burgess,51,Male,0
34772,2020-08-18 23:37:29,Books,313,3,3770,Crypto,51,0.0,Kimberly Burgess,51,Male,0
34772,2021-12-10 08:34:48,Electronics,389,3,1722,Cash,51,1.0,Kimberly Burgess,51,Male,0
34772,2022-11-30 18:46:39,Clothing,177,5,4684,Credit Card,51,1.0,Kimberly Burgess,51,Male,0
34772,2022-07-26 19:45:47,Books,15,5,3060,Credit Card,51,1.0,Kimberly Burgess,51,Male,0
34772,2020-10-02 12:19:24,Books,62,2,2786,Credit Card,51,0.0,Kimberly Burgess,51,Male,0
34772,2020-01-02 16:27:32,Clothing,63,3,3910,Credit Card,51,,Kimberly Burgess,51,Male,0
34772,2020-06-29 13:01:26,Clothing,140,2,3469,PayPal,51,1.0,Kimberly Burgess,51,Male,0
47326,2023-01-24 15:29:48,Clothing,386,3,802,Cash,39,1.0,Heather Diaz,39,Male,0
47326,2022-08-25 12:48:54,Electronics,188,5,2582,PayPal,39,,Heather Diaz,39,Male,0
47326,2020-08-08 16:02:11,Home,371,1,668,Crypto,39,1.0,Heather Diaz,39,Male,0
47326,2023-06-23 22:41:06,Clothing,400,5,1961,PayPal,39,1.0,Heather Diaz,39,Male,0
47326,2023-04-03 12:12:35,Clothing,392,2,5168,Cash,39,1.0,Heather Diaz,39,Male,0
47326,2021-10-14 14:16:23,Electronics,486,5,3882,Credit Card,39,1.0,Heather Diaz,39,Male,0
24270,2021-03-01 07:43:35,Electronics,323,1,3579,Crypto,60,1.0,Phillip Harris,60,Male,1
24270,2020-01-25 08:55:06,Books,332,2,5247,PayPal,60,1.0,Phillip Harris,60,Male,1
24270,2022-10-28 12:24:13,Clothing,92,2,1792,PayPal,60,0.0,Phillip Harris,60,Male,1
24270,2023-05-14 22:58:21,Clothing,495,2,422,Credit Card,60,0.0,Phillip Harris,60,Male,1
24270,2023-06-19 17:24:03,Clothing,127,3,4642,Credit Card,60,1.0,Phillip Harris,60,Male,1
25638,2022-11-13 05:57:54,Books,289,3,926,PayPal,64,,Eric Huynh,64,Female,0
25638,2021-01-30 12:30:31,Clothing,79,5,1470,Credit Card,64,1.0,Eric Huynh,64,Female,0
25638,2023-02-02 11:25:25,Books,294,3,1614,PayPal,64,0.0,Eric Huynh,64,Female,0
25638,2021-07-12 21:34:37,Electronics,364,2,4962,Credit Card,64,,Eric Huynh,64,Female,0
25638,2021-12-18 00:23:02,Home,133,4,4823,PayPal,64,1.0,Eric Huynh,64,Female,0
44610,2022-12-21 17:26:54,Clothing,291,5,3628,Crypto,68,0.0,Jennifer Cruz,68,Male,0
44610,2023-05-08 04:11:11,Clothing,16,4,3605,Credit Card,68,0.0,Jennifer Cruz,68,Male,0
44610,2021-01-04 18:47:06,Electronics,348,1,1752,Credit Card,68,1.0,Jennifer Cruz,68,Male,0
44610,2021-11-19 17:40:51,Clothing,212,4,3156,Credit Card,68,1.0,Jennifer Cruz,68,Male,0
44610,2022-10-08 14:22:08,Home,90,3,4768,Credit Card,68,1.0,Jennifer Cruz,68,Male,0
44610,2020-05-30 14:16:29,Books,46,2,1738,Credit Card,68,,Jennifer Cruz,68,Male,0
42239,2022-01-27 22:49:24,Home,39,2,5118,Crypto,67,1.0,Brian Ross,67,Male,0
42239,2023-02-15 17:11:25,Clothing,424,1,1683,Cash,67,,Brian Ross,67,Male,0
42239,2023-02-07 13:42:37,Clothing,229,2,4546,PayPal,67,0.0,Brian Ross,67,Male,0
42239,2020-03-04 04:39:57,Home,127,2,5015,Cash,67,,Brian Ross,67,Male,0
42239,2020-04-26 22:09:13,Home,113,2,734,PayPal,67,0.0,Brian Ross,67,Male,0
42239,2020-10-25 01:16:36,Clothing,129,5,1839,PayPal,67,1.0,Brian Ross,67,Male,0
36664,2021-03-06 06:25:21,Books,404,5,1950,Cash,22,1.0,Scott Calhoun,22,Female,1
36664,2020-04-09 09:11:14,Electronics,437,5,2968,Crypto,22,0.0,Scott Calhoun,22,Female,1
36664,2020-11-11 03:59:43,Electronics,445,4,2773,Cash,22,0.0,Scott Calhoun,22,Female,1
36664,2023-07-19 02:29:17,Books,340,5,965,Credit Card,22,0.0,Scott Calhoun,22,Female,1
36664,2020-12-23 17:03:20,Clothing,100,4,3013,Crypto,22,0.0,Scott Calhoun,22,Female,1
36664,2020-03-28 23:47:48,Electronics,409,3,2025,PayPal,22,1.0,Scott Calhoun,22,Female,1
36664,2021-04-21 12:42:56,Clothing,86,1,3670,PayPal,22,1.0,Scott Calhoun,22,Female,1
36664,2022-09-16 15:43:11,Electronics,354,2,1457,Credit Card,22,0.0,Scott Calhoun,22,Female,1
36664,2022-12-03 15:32:51,Home,250,2,2197,Credit Card,22,0.0,Scott Calhoun,22,Female,1
23703,2022-07-07 06:26:57,Books,449,4,4067,PayPal,19,0.0,Gregory Bolton,19,Female,1
23703,2021-04-18 07:03:31,Clothing,80,4,4371,Credit Card,19,,Gregory Bolton,19,Female,1
23703,2020-02-18 08:14:36,Home,158,4,2876,Credit Card,19,0.0,Gregory Bolton,19,Female,1
23703,2020-11-30 05:18:42,Clothing,450,3,4174,PayPal,19,1.0,Gregory Bolton,19,Female,1
6089,2020-11-28 04:50:07,Home,215,2,4781,Credit Card,49,,Megan Reed,49,Male,0
6089,2020-01-24 05:58:38,Books,151,3,2570,Cash,49,1.0,Megan Reed,49,Male,0
6089,2022-01-10 22:12:44,Clothing,92,3,265,PayPal,49,0.0,Megan Reed,49,Male,0
6089,2023-05-23 18:03:19,Books,46,4,4767,Credit Card,49,0.0,Megan Reed,49,Male,0
6089,2022-05-27 00:39:48,Electronics,69,2,936,Crypto,49,1.0,Megan Reed,49,Male,0
6089,2020-10-04 03:37:10,Home,417,4,3034,Cash,49,0.0,Megan Reed,49,Male,0
6089,2021-02-14 23:03:15,Books,349,3,2875,PayPal,49,1.0,Megan Reed,49,Male,0
6089,2022-02-17 18:29:18,Books,153,3,619,PayPal,49,0.0,Megan Reed,49,Male,0
6089,2021-06-13 03:23:42,Clothing,450,5,3578,Credit Card,49,1.0,Megan Reed,49,Male,0
6089,2020-09-21 22:45:22,Electronics,56,3,2959,Credit Card,49,1.0,Megan Reed,49,Male,0
34085,2020-06-20 23:00:32,Electronics,289,5,3666,Cash,63,,John White,63,Male,0
34085,2021-01-31 15:39:29,Books,462,3,789,Credit Card,63,,John White,63,Male,0
34085,2021-03-21 11:49:43,Books,16,3,3357,Cash,63,,John White,63,Male,0
34085,2022-11-27 13:42:52,Electronics,88,3,1468,Cash,63,0.0,John White,63,Male,0
34085,2022-05-17 01:51:56,Home,71,2,2712,Credit Card,63,0.0,John White,63,Male,0
43154,2020-08-04 05:06:35,Books,432,1,3877,Cash,41,1.0,Dwayne Shelton,41,Female,1
43154,2022-09-26 16:35:31,Books,393,1,1388,Credit Card,41,1.0,Dwayne Shelton,41,Female,1
43154,2020-06-14 12:00:40,Books,184,3,3554,Credit Card,41,1.0,Dwayne Shelton,41,Female,1
43154,2022-01-30 04:49:41,Books,103,5,3664,Crypto,41,0.0,Dwayne Shelton,41,Female,1
43154,2022-12-07 15:54:58,Home,118,3,2854,Cash,41,0.0,Dwayne Shelton,41,Female,1
24260,2020-10-09 00:41:36,Electronics,485,2,1317,Cash,27,0.0,Linda Williams,27,Male,0
24260,2021-08-13 23:45:40,Clothing,416,3,2937,PayPal,27,1.0,Linda Williams,27,Male,0
24260,2021-02-15 00:42:18,Clothing,334,5,409,Credit Card,27,,Linda Williams,27,Male,0
24260,2020-09-17 10:24:34,Books,413,4,2524,Credit Card,27,0.0,Linda Williams,27,Male,0
24260,2022-09-21 04:46:29,Electronics,492,5,4220,PayPal,27,1.0,Linda Williams,27,Male,0
24260,2020-12-14 08:46:08,Electronics,12,3,303,PayPal,27,0.0,Linda Williams,27,Male,0
24260,2021-05-27 17:49:47,Books,198,4,707,Cash,27,0.0,Linda Williams,27,Male,0
24260,2022-06-11 16:02:24,Home,375,3,986,Credit Card,27,0.0,Linda Williams,27,Male,0
24260,2020-06-18 20:09:53,Clothing,38,3,2774,Credit Card,27,,Linda Williams,27,Male,0
24260,2021-10-01 02:54:57,Books,196,5,3607,Credit Card,27,1.0,Linda Williams,27,Male,0
24260,2021-11-22 19:53:14,Clothing,489,3,671,PayPal,27,0.0,Linda Williams,27,Male,0
24260,2021-03-15 10:10:57,Books,414,5,2327,Crypto,27,0.0,Linda Williams,27,Male,0
15269,2023-08-23 14:14:31,Clothing,341,3,2152,PayPal,59,1.0,Amanda Davis,59,Female,0
15269,2021-12-01 12:39:56,Home,314,2,3112,Credit Card,59,1.0,Amanda Davis,59,Female,0
15269,2021-12-14 21:46:54,Clothing,20,5,1996,Credit Card,59,0.0,Amanda Davis,59,Female,0
15269,2022-10-25 06:14:57,Electronics,353,4,3738,Cash,59,1.0,Amanda Davis,59,Female,0
15269,2021-07-23 16:14:17,Books,346,4,3748,Credit Card,59,0.0,Amanda Davis,59,Female,0
15269,2021-11-09 12:46:08,Home,322,5,1900,PayPal,59,,Amanda Davis,59,Female,0
15269,2022-10-04 02:17:56,Home,430,5,1942,PayPal,59,,Amanda Davis,59,Female,0
5241,2021-04-17 15:48:38,Books,84,2,2262,Credit Card,30,,Gina Pratt,30,Male,1
5241,2021-10-10 07:54:17,Electronics,370,3,1389,Crypto,30,1.0,Gina Pratt,30,Male,1
5241,2021-11-15 09:12:26,Home,355,3,1626,Credit Card,30,1.0,Gina Pratt,30,Male,1
5241,2022-09-02 08:39:52,Clothing,55,2,1711,Crypto,30,1.0,Gina Pratt,30,Male,1
5241,2022-08-01 12:11:01,Electronics,325,1,373,PayPal,30,1.0,Gina Pratt,30,Male,1
3443,2020-01-13 22:41:19,Clothing,270,3,4366,PayPal,52,1.0,Dr. Hunter Liu Jr.,52,Female,1
3443,2020-12-19 09:21:16,Electronics,384,1,2388,Credit Card,52,1.0,Dr. Hunter Liu Jr.,52,Female,1
3443,2021-01-05 02:45:53,Electronics,53,2,1572,Cash,52,0.0,Dr. Hunter Liu Jr.,52,Female,1
3443,2020-09-11 22:17:46,Electronics,168,4,3004,Credit Card,52,1.0,Dr. Hunter Liu Jr.,52,Female,1
3443,2023-05-15 12:34:36,Books,425,4,2386,PayPal,52,1.0,Dr. Hunter Liu Jr.,52,Female,1
3443,2021-05-04 14:09:24,Electronics,243,2,1768,PayPal,52,0.0,Dr. Hunter Liu Jr.,52,Female,1
3443,2020-06-04 23:22:20,Electronics,428,3,1344,Credit Card,52,1.0,Dr. Hunter Liu Jr.,52,Female,1
3443,2021-02-13 12:45:58,Books,108,5,3635,Cash,52,1.0,Dr. Hunter Liu Jr.,52,Female,1
3443,2021-02-13 01:23:04,Electronics,56,1,1040,Credit Card,52,0.0,Dr. Hunter Liu Jr.,52,Female,1
47413,2022-03-06 16:11:58,Electronics,489,2,3657,PayPal,61,0.0,Elizabeth Brown,61,Male,1
47413,2023-01-03 11:48:22,Clothing,114,3,5143,Credit Card,61,,Elizabeth Brown,61,Male,1
47413,2022-02-23 02:28:04,Books,87,1,422,Credit Card,61,1.0,Elizabeth Brown,61,Male,1
47413,2021-01-09 16:55:47,Home,258,5,704,PayPal,61,,Elizabeth Brown,61,Male,1
47413,2022-06-17 18:26:30,Electronics,137,2,2056,Crypto,61,0.0,Elizabeth Brown,61,Male,1
47413,2023-02-09 01:25:01,Electronics,465,3,628,Cash,61,1.0,Elizabeth Brown,61,Male,1
47413,2023-08-12 19:34:55,Clothing,111,5,618,Crypto,61,,Elizabeth Brown,61,Male,1
47413,2022-05-29 18:13:44,Clothing,32,5,2661,Credit Card,61,0.0,Elizabeth Brown,61,Male,1
39920,2022-10-06 12:40:31,Home,122,2,1591,PayPal,38,1.0,Andrew Zimmerman,38,Female,0
39920,2023-07-28 02:33:47,Books,346,4,4375,Credit Card,38,1.0,Andrew Zimmerman,38,Female,0
39920,2020-03-05 10:15:56,Electronics,150,5,390,PayPal,38,0.0,Andrew Zimmerman,38,Female,0
39920,2020-10-20 22:07:00,Clothing,127,3,1171,Cash,38,,Andrew Zimmerman,38,Female,0
39920,2022-04-06 20:21:14,Home,37,1,332,Cash,38,,Andrew Zimmerman,38,Female,0
39920,2021-06-28 09:10:20,Clothing,419,1,2515,Crypto,38,0.0,Andrew Zimmerman,38,Female,0
39920,2020-05-08 13:00:31,Clothing,383,3,897,Credit Card,38,1.0,Andrew Zimmerman,38,Female,0
39920,2021-12-29 22:58:40,Books,398,2,5152,Credit Card,38,0.0,Andrew Zimmerman,38,Female,0
45933,2023-02-04 05:38:41,Home,396,2,3092,PayPal,23,0.0,Corey Barajas,23,Female,0
45933,2021-08-19 22:54:33,Books,155,4,3944,Crypto,23,,Corey Barajas,23,Female,0
45933,2021-05-19 05:01:17,Clothing,35,5,4714,Crypto,23,1.0,Corey Barajas,23,Female,0
45933,2021-04-15 21:40:25,Books,202,3,4116,Crypto,23,1.0,Corey Barajas,23,Female,0
45933,2020-03-11 13:25:01,Home,291,3,3056,Crypto,23,0.0,Corey Barajas,23,Female,0
45933,2022-10-21 10:27:25,Home,484,4,2950,Cash,23,,Corey Barajas,23,Female,0
45933,2020-01-28 06:44:45,Clothing,49,3,423,Credit Card,23,,Corey Barajas,23,Female,0
8969,2023-03-07 02:16:54,Books,382,5,2134,Credit Card,28,1.0,Brian Salas,28,Female,1
8969,2022-04-01 06:55:04,Clothing,414,3,5124,PayPal,28,,Brian Salas,28,Female,1
44809,2020-11-11 19:41:28,Home,425,3,3669,PayPal,30,,David Vincent,30,Male,0
44809,2022-07-22 17:39:33,Clothing,113,1,2216,Crypto,30,0.0,David Vincent,30,Male,0
44809,2022-03-27 12:11:48,Clothing,95,1,620,Cash,30,0.0,David Vincent,30,Male,0
44809,2022-08-21 21:23:49,Home,349,2,3950,Credit Card,30,1.0,David Vincent,30,Male,0
44809,2022-08-29 01:49:09,Clothing,238,1,1548,Crypto,30,0.0,David Vincent,30,Male,0
44809,2020-03-21 15:39:29,Clothing,209,1,4516,Credit Card,30,0.0,David Vincent,30,Male,0
6163,2020-09-21 22:01:52,Home,424,3,544,Credit Card,30,0.0,Jennifer Klein,30,Male,0
6163,2022-06-30 18:37:47,Clothing,36,2,3736,Cash,30,1.0,Jennifer Klein,30,Male,0
6163,2023-02-04 11:49:39,Books,488,2,647,Cash,30,,Jennifer Klein,30,Male,0
6163,2022-03-01 12:33:16,Books,25,3,4216,PayPal,30,0.0,Jennifer Klein,30,Male,0
6163,2023-04-25 10:29:26,Books,155,1,1861,PayPal,30,,Jennifer Klein,30,Male,0
2919,2022-11-23 08:01:54,Books,214,4,2023,PayPal,39,,Brian Ward,39,Male,0
2919,2021-11-05 19:51:49,Books,493,1,4682,Credit Card,39,,Brian Ward,39,Male,0
2919,2020-01-31 12:11:11,Home,291,3,4768,PayPal,39,0.0,Brian Ward,39,Male,0
2919,2023-01-01 18:37:26,Books,315,1,1974,PayPal,39,1.0,Brian Ward,39,Male,0
2919,2020-04-04 03:45:02,Home,435,1,3254,Cash,39,1.0,Brian Ward,39,Male,0
2919,2022-08-28 06:12:54,Books,430,3,1777,PayPal,39,0.0,Brian Ward,39,Male,0
2919,2021-12-02 05:29:52,Books,209,4,4527,Credit Card,39,1.0,Brian Ward,39,Male,0
2919,2021-10-23 12:16:16,Books,381,1,1903,Credit Card,39,0.0,Brian Ward,39,Male,0
2919,2020-07-02 17:27:05,Books,333,3,4851,PayPal,39,0.0,Brian Ward,39,Male,0
2919,2021-08-20 12:58:24,Clothing,140,2,2268,Cash,39,0.0,Brian Ward,39,Male,0
33320,2022-05-17 08:08:11,Home,450,3,4899,Credit Card,21,0.0,Laura Vance,21,Male,1
33320,2021-06-07 12:22:41,Electronics,495,5,2153,PayPal,21,1.0,Laura Vance,21,Male,1
33320,2022-09-13 08:28:12,Books,87,5,3926,PayPal,21,0.0,Laura Vance,21,Male,1
33320,2020-03-31 00:48:25,Clothing,224,1,1108,Credit Card,21,1.0,Laura Vance,21,Male,1
33320,2020-07-05 19:40:21,Books,480,1,2993,Credit Card,21,0.0,Laura Vance,21,Male,1
33320,2020-09-20 18:23:11,Books,380,3,2878,PayPal,21,1.0,Laura Vance,21,Male,1
33320,2023-07-31 21:39:43,Clothing,205,5,442,Credit Card,21,0.0,Laura Vance,21,Male,1
33320,2021-12-30 23:46:34,Electronics,296,5,1255,Crypto,21,1.0,Laura Vance,21,Male,1
33320,2021-06-12 22:22:01,Clothing,421,4,661,Credit Card,21,1.0,Laura Vance,21,Male,1
33320,2020-05-26 10:08:41,Home,420,2,634,Credit Card,21,1.0,Laura Vance,21,Male,1
19284,2023-06-19 16:19:04,Clothing,269,4,922,Credit Card,59,0.0,Lindsey Stewart,59,Female,0
19284,2022-04-16 07:48:50,Books,261,4,3193,Cash,59,1.0,Lindsey Stewart,59,Female,0
19284,2022-01-14 14:39:41,Clothing,255,2,4548,Cash,59,0.0,Lindsey Stewart,59,Female,0
19284,2021-05-06 06:25:24,Books,346,3,2667,Credit Card,59,1.0,Lindsey Stewart,59,Female,0
19284,2022-07-02 05:53:02,Clothing,354,4,4623,Credit Card,59,0.0,Lindsey Stewart,59,Female,0
38226,2020-02-12 07:00:13,Electronics,311,3,3750,Credit Card,46,0.0,Edward Mejia,46,Female,0
38226,2021-02-22 18:39:43,Clothing,493,5,2214,Crypto,46,1.0,Edward Mejia,46,Female,0
38226,2020-07-06 01:22:45,Clothing,443,5,2729,PayPal,46,,Edward Mejia,46,Female,0
38226,2021-09-22 19:38:27,Clothing,468,3,4398,Cash,46,1.0,Edward Mejia,46,Female,0
38226,2021-06-19 00:48:08,Books,253,2,3034,PayPal,46,1.0,Edward Mejia,46,Female,0
38226,2021-11-30 06:57:14,Clothing,318,1,279,Credit Card,46,1.0,Edward Mejia,46,Female,0
7547,2021-12-03 00:52:57,Home,404,3,1913,PayPal,43,0.0,Christina Miller,43,Male,0
7547,2020-02-26 00:34:55,Electronics,103,4,4895,PayPal,43,1.0,Christina Miller,43,Male,0
7547,2023-03-02 04:57:36,Electronics,49,1,4400,PayPal,43,0.0,Christina Miller,43,Male,0
7547,2020-02-19 18:00:15,Home,428,4,1427,PayPal,43,1.0,Christina Miller,43,Male,0
7547,2023-01-14 20:57:43,Clothing,376,5,289,Credit Card,43,1.0,Christina Miller,43,Male,0
7547,2020-05-23 16:06:21,Electronics,122,1,5008,Credit Card,43,,Christina Miller,43,Male,0
7547,2022-04-29 06:03:45,Home,442,5,2206,PayPal,43,1.0,Christina Miller,43,Male,0
7547,2021-04-20 04:26:16,Home,314,5,3146,Credit Card,43,0.0,Christina Miller,43,Male,0
7547,2021-12-11 20:06:56,Home,409,1,2122,Credit Card,43,,Christina Miller,43,Male,0
18196,2022-10-13 04:34:26,Clothing,358,3,5080,Credit Card,37,1.0,Stacy Rowland,37,Male,0
18196,2023-06-12 22:25:23,Home,182,5,936,PayPal,37,0.0,Stacy Rowland,37,Male,0
18196,2022-03-05 10:44:44,Electronics,243,2,3453,Credit Card,37,1.0,Stacy Rowland,37,Male,0
18196,2020-09-02 10:47:52,Books,185,4,3206,Credit Card,37,1.0,Stacy Rowland,37,Male,0
18196,2023-05-24 21:33:56,Books,354,5,1366,Crypto,37,1.0,Stacy Rowland,37,Male,0
18196,2023-07-10 15:42:19,Clothing,460,1,312,Credit Card,37,,Stacy Rowland,37,Male,0
14162,2020-04-08 13:24:47,Home,81,3,1761,Cash,34,1.0,Danielle Davis,34,Male,0
14162,2020-12-13 16:16:19,Electronics,266,4,3875,Credit Card,34,1.0,Danielle Davis,34,Male,0
14162,2023-02-03 23:53:45,Electronics,262,3,3768,Credit Card,34,0.0,Danielle Davis,34,Male,0
14162,2022-06-14 06:18:55,Electronics,401,3,3669,Credit Card,34,,Danielle Davis,34,Male,0
14162,2020-03-24 12:14:01,Books,489,4,2681,PayPal,34,0.0,Danielle Davis,34,Male,0
14162,2021-06-06 23:03:07,Books,371,2,2574,Credit Card,34,0.0,Danielle Davis,34,Male,0
8626,2023-03-08 04:08:12,Clothing,41,3,4198,Crypto,22,1.0,Ralph Flores,22,Male,0
8626,2020-09-08 16:04:23,Clothing,40,1,372,Credit Card,22,1.0,Ralph Flores,22,Male,0
8626,2022-01-06 08:33:34,Clothing,33,3,2800,Credit Card,22,0.0,Ralph Flores,22,Male,0
8626,2020-11-05 10:42:56,Books,451,4,3949,Crypto,22,,Ralph Flores,22,Male,0
8626,2023-07-06 10:07:27,Clothing,449,2,3482,Crypto,22,0.0,Ralph Flores,22,Male,0
8626,2020-03-13 04:37:08,Books,498,5,367,PayPal,22,1.0,Ralph Flores,22,Male,0
8626,2022-01-10 03:25:55,Clothing,74,3,4807,PayPal,22,0.0,Ralph Flores,22,Male,0
8626,2021-06-02 03:00:03,Electronics,184,1,4651,PayPal,22,1.0,Ralph Flores,22,Male,0
28501,2023-07-28 03:19:05,Clothing,209,3,572,Credit Card,35,1.0,Erin Campbell,35,Male,0
28501,2020-11-12 19:40:20,Home,126,4,3953,PayPal,35,0.0,Erin Campbell,35,Male,0
28501,2022-05-21 04:15:25,Books,164,4,2301,Cash,35,0.0,Erin Campbell,35,Male,0
28501,2020-04-28 13:26:47,Books,301,4,4846,PayPal,35,1.0,Erin Campbell,35,Male,0
28501,2021-02-02 06:31:22,Clothing,291,2,2721,Cash,35,0.0,Erin Campbell,35,Male,0
28501,2020-07-12 14:14:25,Books,224,1,2688,Crypto,35,0.0,Erin Campbell,35,Male,0
29635,2023-03-08 18:12:00,Clothing,477,3,3859,PayPal,30,1.0,Brandon Parrish,30,Male,0
29635,2021-04-11 20:27:42,Books,318,2,2906,Cash,30,1.0,Brandon Parrish,30,Male,0
29635,2021-03-22 20:41:41,Clothing,248,4,647,Cash,30,1.0,Brandon Parrish,30,Male,0
29635,2020-12-31 19:35:54,Clothing,414,4,2622,Credit Card,30,1.0,Brandon Parrish,30,Male,0
23422,2022-07-29 01:41:19,Home,382,4,4583,Credit Card,36,1.0,Matthew Brooks,36,Male,0
23422,2023-06-18 07:43:39,Books,348,3,982,PayPal,36,0.0,Matthew Brooks,36,Male,0
23422,2022-02-04 11:08:53,Clothing,303,4,4766,Cash,36,1.0,Matthew Brooks,36,Male,0
23422,2020-11-17 05:05:58,Books,83,1,1420,Credit Card,36,0.0,Matthew Brooks,36,Male,0
23422,2020-10-15 07:43:54,Electronics,298,1,3470,Credit Card,36,1.0,Matthew Brooks,36,Male,0
23422,2021-01-05 01:54:10,Home,211,1,3174,PayPal,36,0.0,Matthew Brooks,36,Male,0
23422,2023-02-10 17:48:12,Home,433,1,4837,PayPal,36,0.0,Matthew Brooks,36,Male,0
23422,2021-04-12 05:22:02,Books,218,1,2466,Crypto,36,,Matthew Brooks,36,Male,0
23422,2021-03-18 12:39:31,Books,483,3,1675,Cash,36,0.0,Matthew Brooks,36,Male,0
46076,2023-07-23 17:17:29,Clothing,131,1,600,PayPal,38,0.0,Thomas Green,38,Male,0
46076,2020-05-30 15:01:32,Clothing,101,1,4148,Credit Card,38,1.0,Thomas Green,38,Male,0
46076,2022-03-17 13:57:57,Clothing,311,2,3159,Credit Card,38,0.0,Thomas Green,38,Male,0
46076,2022-03-12 08:25:29,Home,110,2,1942,Cash,38,,Thomas Green,38,Male,0
46076,2022-08-02 20:11:00,Books,216,2,1842,Credit Card,38,1.0,Thomas Green,38,Male,0
46076,2020-10-21 10:21:25,Clothing,226,5,241,Credit Card,38,0.0,Thomas Green,38,Male,0
46076,2020-07-19 21:05:31,Electronics,313,3,451,Credit Card,38,,Thomas Green,38,Male,0
13989,2020-07-31 13:26:50,Electronics,27,4,2238,PayPal,27,0.0,William Valdez,27,Female,1
13989,2022-10-07 00:11:08,Electronics,303,3,1033,Credit Card,27,,William Valdez,27,Female,1
13989,2022-02-01 04:20:14,Home,15,2,2658,PayPal,27,1.0,William Valdez,27,Female,1
13989,2020-07-10 19:04:20,Books,354,5,520,Cash,27,1.0,William Valdez,27,Female,1
13989,2020-08-26 10:01:11,Electronics,412,5,4277,Crypto,27,0.0,William Valdez,27,Female,1
32384,2020-12-05 23:50:10,Home,372,4,4510,Credit Card,66,1.0,Kristin Harper,66,Female,0
32384,2020-12-21 08:09:42,Clothing,143,2,2415,Credit Card,66,1.0,Kristin Harper,66,Female,0
32384,2022-10-25 18:48:51,Clothing,436,4,4310,Credit Card,66,1.0,Kristin Harper,66,Female,0
32384,2022-03-22 21:13:21,Clothing,319,2,3526,PayPal,66,,Kristin Harper,66,Female,0
32384,2022-09-03 00:09:56,Books,229,2,2866,Credit Card,66,0.0,Kristin Harper,66,Female,0
32384,2020-05-30 07:49:53,Books,172,2,2599,Cash,66,0.0,Kristin Harper,66,Female,0
32384,2023-03-17 02:23:24,Clothing,401,3,2351,PayPal,66,0.0,Kristin Harper,66,Female,0
32384,2022-10-18 16:52:24,Home,94,1,4773,PayPal,66,,Kristin Harper,66,Female,0
37881,2022-10-18 05:57:39,Home,21,5,3890,PayPal,52,0.0,Martin Mason MD,52,Female,0
37881,2020-01-25 11:08:50,Electronics,460,2,1886,Crypto,52,0.0,Martin Mason MD,52,Female,0
37881,2023-04-28 00:32:30,Books,200,4,749,Cash,52,1.0,Martin Mason MD,52,Female,0
37881,2020-08-18 20:43:55,Clothing,149,1,1005,Credit Card,52,1.0,Martin Mason MD,52,Female,0
37881,2023-06-01 19:31:58,Home,43,3,2906,Credit Card,52,1.0,Martin Mason MD,52,Female,0
27922,2023-08-22 07:15:53,Books,278,5,443,Credit Card,47,1.0,Martin Roy,47,Male,0
27922,2022-05-26 01:30:01,Electronics,67,5,477,PayPal,47,0.0,Martin Roy,47,Male,0
27922,2021-02-05 09:34:50,Home,53,1,2614,Cash,47,1.0,Martin Roy,47,Male,0
27922,2021-03-28 02:43:37,Electronics,365,4,460,Credit Card,47,0.0,Martin Roy,47,Male,0
27922,2021-01-07 05:54:51,Clothing,389,4,2339,PayPal,47,0.0,Martin Roy,47,Male,0
27922,2022-10-17 15:47:07,Home,493,3,3187,Credit Card,47,1.0,Martin Roy,47,Male,0
35410,2021-09-06 01:17:34,Home,255,1,5149,PayPal,66,,Jennifer Henderson,66,Male,0
35410,2020-12-12 08:57:42,Clothing,79,2,2863,Credit Card,66,0.0,Jennifer Henderson,66,Male,0
35410,2022-09-17 03:45:59,Home,458,3,713,Cash,66,,Jennifer Henderson,66,Male,0
35410,2022-11-10 13:15:10,Books,445,4,4188,Credit Card,66,1.0,Jennifer Henderson,66,Male,0
35410,2021-06-16 20:44:46,Clothing,108,3,5246,Cash,66,1.0,Jennifer Henderson,66,Male,0
35410,2022-12-18 03:51:54,Home,164,2,3820,Crypto,66,1.0,Jennifer Henderson,66,Male,0
35410,2021-05-09 06:52:57,Home,34,1,2827,Cash,66,1.0,Jennifer Henderson,66,Male,0
35410,2021-03-05 11:05:11,Books,162,4,1545,PayPal,66,1.0,Jennifer Henderson,66,Male,0
14237,2022-10-26 22:29:46,Books,226,4,4110,PayPal,21,0.0,Yvette Rivas,21,Female,0
14237,2021-08-10 09:27:23,Books,477,2,3082,Credit Card,21,0.0,Yvette Rivas,21,Female,0
14237,2021-05-18 13:56:28,Electronics,114,2,4617,Credit Card,21,1.0,Yvette Rivas,21,Female,0
14237,2023-08-18 07:57:45,Books,11,3,2590,Credit Card,21,1.0,Yvette Rivas,21,Female,0
14237,2020-09-10 03:23:12,Home,415,1,3026,PayPal,21,1.0,Yvette Rivas,21,Female,0
14237,2020-01-10 08:58:08,Clothing,253,3,571,PayPal,21,1.0,Yvette Rivas,21,Female,0
14237,2023-08-09 04:52:22,Books,117,2,1893,Cash,21,1.0,Yvette Rivas,21,Female,0
14237,2020-06-14 08:42:55,Books,144,1,4411,Credit Card,21,0.0,Yvette Rivas,21,Female,0
14237,2021-06-17 01:05:50,Clothing,65,4,2872,PayPal,21,1.0,Yvette Rivas,21,Female,0
40321,2022-02-08 11:07:08,Books,81,3,1947,Credit Card,22,1.0,Megan Wong,22,Male,0
40321,2023-07-08 00:00:47,Books,143,2,2631,PayPal,22,1.0,Megan Wong,22,Male,0
40321,2023-05-22 16:01:27,Home,56,4,1901,Credit Card,22,0.0,Megan Wong,22,Male,0
40321,2023-07-25 01:32:26,Electronics,230,4,2645,PayPal,22,1.0,Megan Wong,22,Male,0
40321,2022-04-15 18:47:36,Electronics,149,5,698,Credit Card,22,,Megan Wong,22,Male,0
35059,2023-01-06 01:41:44,Books,42,5,3450,Crypto,66,1.0,Timothy Osborne,66,Male,0
35059,2020-02-01 02:00:31,Electronics,349,1,1847,Credit Card,66,0.0,Timothy Osborne,66,Male,0
35059,2020-04-20 12:48:33,Books,381,5,2120,Credit Card,66,1.0,Timothy Osborne,66,Male,0
35059,2021-03-30 15:33:44,Clothing,79,5,3295,PayPal,66,1.0,Timothy Osborne,66,Male,0
35059,2022-09-07 03:10:26,Clothing,58,1,4919,Cash,66,,Timothy Osborne,66,Male,0
10461,2022-11-29 11:51:14,Home,62,1,4643,Credit Card,59,0.0,David Morris,59,Male,0
10461,2020-02-02 17:46:04,Clothing,427,1,1455,Credit Card,59,1.0,David Morris,59,Male,0
10461,2023-08-16 01:29:36,Clothing,82,5,3487,PayPal,59,0.0,David Morris,59,Male,0
10461,2022-03-12 00:28:44,Books,37,3,4280,PayPal,59,1.0,David Morris,59,Male,0
10461,2021-04-09 04:51:27,Clothing,319,1,3657,Credit Card,59,1.0,David Morris,59,Male,0
10461,2022-06-23 11:09:28,Home,51,4,2456,Credit Card,59,0.0,David Morris,59,Male,0
10461,2022-07-15 08:21:08,Electronics,168,5,1931,Credit Card,59,1.0,David Morris,59,Male,0
10461,2022-11-12 16:29:23,Books,289,3,2507,Cash,59,0.0,David Morris,59,Male,0
24866,2023-03-07 13:36:01,Home,235,2,3264,Credit Card,40,,Pamela Carter,40,Female,0
24866,2020-08-21 14:33:39,Books,46,4,1793,Credit Card,40,0.0,Pamela Carter,40,Female,0
24866,2020-07-29 11:57:45,Home,42,2,959,Credit Card,40,1.0,Pamela Carter,40,Female,0
24866,2022-12-13 14:39:17,Books,144,4,2113,Cash,40,0.0,Pamela Carter,40,Female,0
24866,2023-05-05 05:14:23,Home,493,1,4497,Credit Card,40,0.0,Pamela Carter,40,Female,0
2864,2022-08-07 01:16:43,Clothing,66,3,3063,Cash,40,0.0,Alvin Hardin,40,Female,0
2864,2020-11-05 12:23:41,Clothing,492,1,2660,Credit Card,40,,Alvin Hardin,40,Female,0
2864,2023-04-22 10:07:42,Clothing,457,5,1868,PayPal,40,0.0,Alvin Hardin,40,Female,0
2864,2020-03-17 15:33:07,Home,272,2,1909,PayPal,40,0.0,Alvin Hardin,40,Female,0
48598,2020-01-29 20:24:51,Books,383,3,1748,Cash,48,0.0,Brittany Ramirez,48,Female,0
48598,2022-02-16 08:50:29,Home,282,2,4388,Credit Card,48,1.0,Brittany Ramirez,48,Female,0
48598,2021-09-04 11:28:07,Books,246,1,4205,PayPal,48,,Brittany Ramirez,48,Female,0
48598,2020-10-08 09:59:01,Books,379,1,1770,Crypto,48,,Brittany Ramirez,48,Female,0
48598,2022-07-06 23:28:01,Books,307,4,2135,Credit Card,48,1.0,Brittany Ramirez,48,Female,0
48598,2020-09-14 03:27:44,Clothing,51,5,3623,PayPal,48,0.0,Brittany Ramirez,48,Female,0
48598,2021-08-26 18:35:42,Books,54,4,1009,PayPal,48,1.0,Brittany Ramirez,48,Female,0
30041,2020-07-09 21:31:14,Books,180,4,3882,PayPal,36,0.0,Sean Payne,36,Male,1
30041,2022-07-21 09:11:28,Home,347,5,1731,Credit Card,36,0.0,Sean Payne,36,Male,1
30041,2022-11-18 19:15:07,Electronics,444,1,3709,Cash,36,,Sean Payne,36,Male,1
30041,2021-10-29 13:23:40,Electronics,483,3,494,Cash,36,1.0,Sean Payne,36,Male,1
18890,2023-08-02 07:55:42,Home,322,1,4098,Credit Card,53,0.0,Jonathan Burgess,53,Male,0
18890,2022-06-17 13:45:04,Clothing,348,2,3053,Credit Card,53,1.0,Jonathan Burgess,53,Male,0
18890,2021-03-02 23:39:48,Clothing,149,5,2090,Credit Card,53,,Jonathan Burgess,53,Male,0
18890,2020-12-09 02:43:26,Electronics,424,5,4279,Cash,53,0.0,Jonathan Burgess,53,Male,0
18890,2021-04-25 09:44:48,Books,249,1,3304,Credit Card,53,1.0,Jonathan Burgess,53,Male,0
25798,2020-08-06 11:32:07,Electronics,83,5,3857,Cash,70,,Yvette Garrison,70,Female,1
25798,2022-02-12 20:05:11,Books,361,3,3364,Credit Card,70,,Yvette Garrison,70,Female,1
25798,2023-03-02 04:58:30,Clothing,491,2,5067,Credit Card,70,1.0,Yvette Garrison,70,Female,1
25798,2020-10-27 08:48:33,Clothing,17,3,4404,PayPal,70,1.0,Yvette Garrison,70,Female,1
25798,2022-12-26 07:41:22,Books,22,3,3698,PayPal,70,,Yvette Garrison,70,Female,1
25798,2020-10-08 01:46:40,Electronics,119,4,836,PayPal,70,1.0,Yvette Garrison,70,Female,1
25798,2020-05-20 06:16:22,Clothing,315,1,1830,Cash,70,1.0,Yvette Garrison,70,Female,1
25798,2020-04-04 02:05:22,Home,300,5,3715,Crypto,70,1.0,Yvette Garrison,70,Female,1
19511,2022-06-04 12:54:52,Books,259,5,487,Cash,39,0.0,Jennifer Schroeder,39,Male,1
